Index,User Id,First Name,Last Name,Sex,Email,Date of birth,Job Title,Age
1,88F7B33d2bcf9f5,Shelby,Terrell,Male,elijah57@example.net,26-10-1945,Games developer,25
2,f90cD3E76f1A9b9,Phillip,Summers,Female,bethany14@example.com,24-03-1910,Phytotherapist,53
3,DbeAb8CcdfeFC2c,Kristine,Travis,Male,bthompson@example.com,02-07-1992,Homeopath,30
4,A31Bee3c201ef58,Yesenia,Martinez,Male,kaitlinkaiser@example.com,03-08-2017,Market researcher,32
5,1bA7A3dc874da3c,Lori,Todd,Male,buchananmanuel@example.net,01-12-1938,Veterinary surgeon,56
6,bfDD7CDEF5D865B,Erin,Day,Male,tconner@example.org,28-10-2015,Waste management officer,23
7,bE9EEf34cB72AF7,Katherine,Buck,Female,conniecowan@example.com,22-01-1989,Intelligence analyst,45
8,2EFC6A4e77FaEaC,Ricardo,Hinton,Male,wyattbishop@example.com,26-03-1924,Hydrogeologist,27
9,baDcC4DeefD8dEB,Dave,Farrell,Male,nmccann@example.net,06-10-2018,Lawyer,26
10,8e4FB470FE19bF0,Isaiah,Downs,Male,virginiaterrell@example.org,20-09-1964,"Engineer, site",31
11,BF0BbA03C29Bb3b,Sheila,Ross,Female,huangcathy@example.com,20-03-2008,Advertising account executive,33
12,F738c69fB34E62E,Stacy,Newton,Male,rayleroy@example.org,20-10-1980,Warden/ranger,22
13,C03fDADdAadAdCe,Mandy,Blake,Male,jefferynoble@example.org,08-12-2007,"Scientist, clinical (histocompatibility and immunogenetics)",26
14,b759b74BD1dE80d,Bridget,Nash,Female,mercedes44@example.com,28-06-2004,Social worker,25
15,1F0B7D65A00DAF9,Crystal,Farmer,Male,pmiranda@example.org,09-03-1992,Agricultural consultant,34
16,50Bb061cB30B461,Thomas,Knight,Female,braunpriscilla@example.net,18-02-2006,Sport and exercise psychologist,36
17,D6dbA5308fEC4BC,Maurice,Rangel,,sheenabanks@example.com,20-08-2004,Secretary/administrator,25
18,311D775990f066d,Frank,Meadows,Male,gbrewer@example.org,16-09-2008,Audiological scientist,33
19,7F7E1BAcb0C9AFf,Alvin,Paul,Male,gilbertdonaldson@example.com,12-05-1949,"Teacher, adult education",23
20,88473e15D5c3cD0,Jared,Mitchell,Female,jcortez@example.com,18-01-1921,Paediatric nurse,28
21,b31D271F8c200AB,Jacqueline,Norton,Female,carias@example.net,09-10-1952,"Scientist, marine",23
22,42F4BdA841aBadC,Colleen,Hatfield,Female,fknox@example.org,14-10-1949,Commercial horticulturist,41
23,cBbBcA0FCA3C4Bc,Randy,Barnes,Male,huangbill@example.org,30-12-1947,Outdoor activities/education manager,35
24,f1f89173353aD90,Janice,Rhodes,Female,juarezdominique@example.net,01-11-1999,Drilling engineer,32
25,c5B09fb33e8bA0A,Alfred,Mcneil,Female,cassandramorris@example.com,28-05-1993,Systems analyst,29
26,c9F2282C40BEC1E,Sean,Levine,Male,sallymiller@example.net,09-10-2010,"Conservation officer, nature",25
27,9c1bc7EC53Fb7cE,Louis,Payne,Male,bsullivan@example.net,29-01-1916,Counsellor,53
28,ddEc50e2A2e3a2B,Brittney,Vega,Female,ayalajose@example.net,31-10-1932,Recycling officer,30
29,66F096D36Ebae11,Judy,Buckley,Male,irosales@example.net,28-07-1963,Art gallery manager,32
30,F0fE2faAd78F8b5,Norman,Weber,Male,,21-05-1957,Gaffer,56
31,5d2feAfbdCAA6B5,Isaiah,Camacho,Female,jimblake@example.org,07-04-1966,Food technologist,23
32,cDa5F303fCd6dEa,Jacqueline,Gallagher,Male,nsampson@example.net,25-02-1999,Building services engineer,45
33,8Ef7DBfcaB02b6B,Bonnie,Andrews,Female,caitlin24@example.net,21-12-1953,Seismic interpreter,27
34,6Dec5b5542F8ed8,Brandon,Schmidt,Female,mconley@example.net,12-05-1931,"Engineer, biomedical",26
35,3Fb8a7f68e12784,Jackson,Sparks,Female,reynoldsdarryl@example.net,18-11-1980,Set designer,31
36,035eff50B9A0F24,Melody,Cook,Male,jeannovak@example.org,25-06-1963,Research scientist (life sciences),33
37,aa614aAE4B7Cf0C,Leonard,Hurst,Male,clinton78@example.org,13-03-1938,"Accountant, chartered management",22
38,ACcde95AAe3e6cC,Gene,Rich,Female,luisdeleon@example.org,22-08-1946,"Surveyor, quantity",39
39,b6a35de5CB6fc25,Cynthia,Wiggins,Female,rosariodave@example.org,27-01-1984,Outdoor activities/education manager,26
40,e92A191E345fA3A,Tanya,Mckinney,Female,vickihouston@example.com,12-03-2003,Information systems manager,34
41,7D0AcBF6CCac3fd,Matthew,Stone,Female,evelyn31@example.org,23-08-2017,"Scientist, clinical (histocompatibility and immunogenetics)",36
42,CEFA7BBCef013AE,Kirk,Walsh,Female,stephenfuller@example.org,08-04-2009,Accounting technician,25
43,9edBC94aE7cA22a,Willie,Vang,Female,haleymathews@example.net,02-02-1978,Management consultant,33
44,fFe7BAA737aDbe2,Miguel,Hill,Female,tyrone56@example.org,26-08-1930,Make,23
45,5F2f3fAca8B0946,Darren,Andrews,Male,lhernandez@example.com,04-10-1997,Retail banker,29
46,6bFcfc3cc1BC6B4,Haley,Pugh,Female,molly03@example.org,16-09-1980,Commissioning editor,23
47,f3BD2cBF7eEb6df,Danielle,Estrada,Female,jvang@example.org,09-07-1930,"Accountant, chartered management",41
48,Ee4eB129dC7913A,Becky,Brady,Male,erikmueller@example.org,27-06-1957,Seismic interpreter,35
49,dBCEf340C3657Eb,Caitlyn,Frey,Male,rivasdominique@example.org,26-01-1968,Jewellery designer,32
50,E47FB71DD9ACCd9,Joshua,Sweeney,Male,daisymcgee@example.net,28-07-1954,"Education officer, museum",29
51,eA3fDd79BE9f0E7,Heidi,Escobar,Female,staffordtravis@example.net,25-09-1931,Estate manager/land agent,25
52,aF0eE4547Bc025c,Brian,Oconnell,Female,saralong@example.net,23-10-1911,Physiotherapist,53
53,9F5DeD7aD228F5a,Beverly,Esparza,Female,iphelps@example.net,09-12-1930,Passenger transport manager,29
54,D3Fa0220dDE4d36,Nathaniel,Rivas,Female,roberto29@example.com,17-11-1908,Call centre manager,32
55,60FdBFd5e7BE8fF,Debra,Payne,Female,yolanda07@example.org,20-08-1927,Special educational needs teacher,56
56,D8bF5Ab2b98caff,Mackenzie,Rocha,Female,abbottyvette@example.net,21-10-1980,Museum/gallery exhibitions officer,23
57,CD8d33aA25bc8BB,Courtney,Watkins,,ochang@example.org,07-12-2003,Pension scheme manager,33
58,Fac3BfFf0A3d03c,Fred,Olsen,Female,amyanderson@example.com,10-04-1910,Archaeologist,27
59,e552D7ddafe1FFb,Ryan,Nelson,Female,qnorman@example.org,02-05-1924,Historic buildings inspector/conservation officer,26
60,0f8deedb629A5f6,Grace,Phelps,Male,,15-10-1909,Petroleum engineer,31
61,bB9e49E506F65ed,Shari,Daugherty,Male,kalvarado@example.org,24-11-1944,Curator,33
62,Ed724605A403D91,Kelli,Garner,Male,jodyvincent@example.org,17-01-2010,Retail banker,22
63,0aBE5ACb18E0c10,Jackie,Bennett,Male,hutchinsonkirk@example.com,11-11-1915,Neurosurgeon,26
64,5D2cb63CaAF53f6,Leslie,Conway,Female,floreschristina@example.org,06-11-1983,Chiropractor,26
65,Ee6974f90eeCe18,Harold,Barnett,Female,nathan65@example.org,15-03-1943,"Biochemist, clinical",22
66,cEf02C076afa07f,Larry,Harper,Male,maria32@example.org,05-05-2021,"Scientist, water quality",36
67,9Df5Ba591bF3EFf,Mike,Ward,Female,imccullough@example.com,09-11-1967,Hydrologist,25
68,3faB1CBfEFBDdD4,Brittney,Rubio,Female,,24-12-1959,"Biochemist, clinical",33
69,Ebcefdf75eCb0a9,Frank,Pineda,Male,daltoncalvin@example.net,10-03-1926,Hospital pharmacist,23
70,e75e5DBfcb68887,Sandra,Wu,Male,ubanks@example.com,28-04-1925,Warehouse manager,28
71,6a53a8D41dDF6de,Ryan,Benton,Male,lopezdebbie@example.org,06-10-2020,Physiological scientist,23
72,F0d3bD1aaf9E3Bc,Tamara,Hull,Male,,31-01-1933,English as a second language teacher,43
73,5bC87340799FBD0,Jean,Ritter,Female,kristina76@example.com,06-08-1985,Financial trader,35
74,dBfA17Aaf16b4ab,Veronica,Briggs,Female,,08-06-1974,Structural engineer,32
75,c935b7Eb6FA0B0F,Kim,Andrews,Female,wpetersen@example.org,15-11-1990,"Biochemist, clinical",29
76,b3e15e65Ca2CcBf,Tina,Cunningham,Male,wongmary@example.org,29-11-1956,Race relations officer,25
77,dade3452F0c32FD,Jonathon,Atkinson,Male,gailfrench@example.net,19-07-2011,"Psychologist, forensic",53
78,AdEd6cfD85DeC46,Jermaine,Reid,Female,vpaul@example.com,18-08-1974,Newspaper journalist,30
79,DAf111987098ae4,Regina,Stevens,Male,xpoole@example.net,28-11-2011,Public house manager,32
80,6e6a5b885F6496d,Terrence,Huff,Male,cassandra80@example.org,27-02-1944,Careers information officer,56
81,12DCb4ED8E01D5C,Tyler,Foley,Female,johnathan72@example.org,19-09-1908,Economist,23
82,E1cB5cA8CA7CC0a,Andrew,Waters,Male,nhall@example.net,14-05-1948,Jewellery designer,45
83,AedDfaE8Cf49F07,Reginald,Stephenson,Male,erikaball@example.net,08-02-2010,Contracting civil engineer,27
84,bff9853aFAeF772,Douglas,Reese,Female,nixonvanessa@example.net,11-11-1961,Higher education lecturer,26
85,E883773cA5219Be,Helen,Williamson,Female,melvin08@example.net,11-08-1911,"Lecturer, further education",31
86,CB19EafEbBfF9eC,Mario,Vaughn,Male,oblake@example.com,08-07-1990,Research scientist (life sciences),33
87,5834700fbEd2771,Chelsea,Dickson,Male,johnnyhendricks@example.net,13-05-1958,"Teacher, early years/pre",22
88,2b0Ab1Dc9E01D7E,Dustin,Bailey,Male,pbarron@example.net,22-08-1908,Travel agency manager,26
89,3f3a3D89ad042Dd,Harry,Medina,Female,olsenmalik@example.net,24-08-1947,Technical sales engineer,26
90,9425E2F38C408ef,Kathy,Haney,Female,teresa37@example.com,02-09-1955,Charity fundraiser,34
91,F0aeC9c2759F3C6,Alison,Nixon,Female,zmiles@example.net,10-07-1941,Patent attorney,36
92,d6EA619A7C4aA95,Jamie,Hardy,Female,sheenadouglas@example.com,17-07-1994,"Conservator, furniture",25
93,2A33E7Cad1bb0F5,Melody,Cox,Female,evan90@example.org,30-07-1974,Dance movement psychotherapist,33
94,d181FFB7d3E68bb,Xavier,Cole,Male,nicolas90@example.org,29-11-1938,Financial planner,23
95,feaBf8dAE0C0d6F,Dillon,Guzman,Female,angelanavarro@example.net,01-04-1942,Air broker,28
96,5eFda7caAeB260E,Dennis,Barnes,Female,bmartin@example.org,30-07-1954,Software engineer,23
97,CCbFce93d3720bE,Steve,Patterson,Female,latasha46@example.net,29-04-1932,Barrister,41
98,2fEc528aFAF0b69,Wesley,Bray,Male,regina11@example.org,28-12-1994,Police officer,35
99,Adc7ad9B6e4A1Fe,Summer,Oconnell,Female,alexiscantrell@example.org,12-04-2012,Broadcast journalist,32
100,b8D0aD3490FC7e1,Mariah,Bernard,Male,pcopeland@example.org,15-11-2016,IT sales professional,29
